Date,Open,High,Low,Close,Volume,Dividends,Stock Splits,target,pct_change,sma_3,sma_7,std_3,momentum,cross_sma,prev_up,amplitude,candle_alta,close_2_days_ago,rolling_std_7
2024-10-17,2677.39990234375,2691.699951171875,2677.199951171875,2691.0,30,0.0,0.0,1,0.006357516828721099,2675.4666341145835,2651.200020926339,14.854450748325185,17.0,1,1,14.5,1,2661.39990234375,29.551742614287637
2024-10-18,2713.699951171875,2719.60009765625,2713.699951171875,2713.699951171875,29,0.0,0.0,1,0.00843550768185608,2692.8999837239585,2666.5857282366073,19.918056741956043,22.699951171875,1,1,5.900146484375,0,2674.0,30.12748582314059
2024-10-21,2721.89990234375,2738.39990234375,2719.5,2723.10009765625,52,0.0,0.0,1,0.003463959410956896,2709.2666829427085,2681.228585379464,16.502862411684305,9.400146484375,1,1,18.89990234375,1,2691.0,28.937562918650087
2024-10-22,2731.699951171875,2746.0,2728.60009765625,2744.199951171875,93,0.0,0.0,0,0.007748467834063577,2727.0,2693.5999930245534,15.619520758271364,21.099853515625,1,1,17.39990234375,1,2713.699951171875,35.02385062081148
2024-10-23,2742.5,2742.5,2714.199951171875,2714.39990234375,18,0.0,0.0,1,-0.010859284803718228,2727.2333170572915,2703.1142578125,15.323947092785772,-29.800048828125,1,1,28.300048828125,0,2723.10009765625,29.044142759938346
2024-10-24,2729.0,2736.10009765625,2729.0,2734.89990234375,27,0.0,0.0,1,0.007552313858506743,2731.1665852864585,2713.6142578125,15.246769157016047,20.5,1,0,7.10009765625,1,2744.199951171875,24.357966246698087
2024-10-25,2725.5,2742.39990234375,2725.5,2740.89990234375,29,0.0,0.0,1,0.0021938645706405246,2730.0665690104165,2723.17138671875,13.895442898062468,6.0,1,1,16.89990234375,1,2714.39990234375,18.689163986061278
2024-10-28,2736.10009765625,2742.89990234375,2729.5,2742.89990234375,56,0.0,0.0,1,0.0007296873549778038,2739.5665690104165,2730.5856584821427,4.163331998930284,2.0,1,1,13.39990234375,1,2734.89990234375,13.323696483306477
2024-10-29,2768.39990234375,2768.39990234375,2768.39990234375,2768.39990234375,848,0.0,0.0,1,0.009296730069591863,2750.7332356770835,2738.3999372209823,15.332427509475313,25.5,1,1,0.0,0,2740.89990234375,17.23598266164276
2024-10-30,2774.60009765625,2789.0,2774.60009765625,2788.5,231,0.0,0.0,0,0.007260547018237196,2766.5999348958335,2747.7427804129466,22.85327413468434,20.10009765625,1,1,14.39990234375,1,2742.89990234375,23.970067296742474
2024-10-31,2787.39990234375,2787.5,2733.5,2738.300048828125,849,0.0,0.0,1,-0.018002492799668257,2765.066650390625,2746.8999372209823,25.265425008336848,-50.199951171875,1,1,54.0,0,2768.39990234375,24.217850184970647
2024-11-01,2745.5,2756.0,2734.199951171875,2738.60009765625,109,0.0,0.0,0,0.0001095748540242969,2755.1333821614585,2750.357107979911,28.89672813334163,0.300048828125,1,0,21.800048828125,0,2788.5,20.19899530370392
2024-11-04,2736.5,2737.10009765625,2736.10009765625,2736.10009765625,16,0.0,0.0,1,-0.0009128751591513939,2737.666748046875,2750.528564453125,1.3650283548814108,-2.5,0,1,1.0,0,2738.300048828125,20.050468920989005
2024-11-05,2743.0,2743.89990234375,2740.300048828125,2740.300048828125,23,0.0,0.0,0,0.0015350137136695974,2738.3334147135415,2750.44287109375,2.1126375234440498,4.199951171875,0,0,3.599853515625,0,2738.60009765625,20.099700736249552
2024-11-06,2734.5,2734.5,2659.39990234375,2667.60009765625,427,0.0,0.0,1,-0.026529923685898793,2714.666748046875,2739.6857561383927,40.81497374379292,-72.699951171875,0,1,75.10009765625,0,2736.10009765625,37.461108490973544
2024-11-07,2662.5,2699.10009765625,2662.5,2698.39990234375,676,0.0,0.0,0,0.01154588527514333,2702.1000162760415,2729.6857561383927,36.490942128591136,30.7998046875,0,0,36.60009765625,1,2740.300048828125,37.85944934333884
2024-11-08,2688.5,2694.60009765625,2682.89990234375,2687.5,1038,0.0,0.0,0,-0.004039394729551615,2684.5,2715.2571847098216,15.6175219608302,-10.89990234375,0,1,11.7001953125,0,2667.60009765625,30.17522287450086
2024-11-11,2671.699951171875,2671.699951171875,2611.199951171875,2611.199951171875,20,0.0,0.0,0,-0.028390715843023218,2665.699951171875,2697.100027901786,47.51199288364779,-76.300048828125,0,0,60.5,0,2698.39990234375,47.35050565462117
2024-11-12,2605.5,2605.5,2592.800048828125,2600.0,118,0.0,0.0,0,-0.004289197066983941,2632.8999837239585,2677.3000139508927,47.615449799104994,-11.199951171875,0,0,12.699951171875,0,2687.5,55.39900431747138
2024-11-13,2611.10009765625,2611.800048828125,2580.800048828125,2580.800048828125,53,0.0,0.0,0,-0.007384596604567362,2597.3333333333335,2655.1142926897323,15.374389384970911,-19.199951171875,0,0,31.0,0,2611.199951171875,58.911866243845346
2024-11-14,2555.10009765625,2576.199951171875,2554.199951171875,2568.199951171875,27,0.0,0.0,0,-0.00488224481473154,2583.0,2630.528564453125,16.013763306504487,-12.60009765625,0,0,22.0,1,2600.0,53.05646581416712
2024-11-15,2565.699951171875,2565.699951171875,2565.699951171875,2565.699951171875,20,0.0,0.0,1,-0.0009734444542992549,2571.566650390625,2615.9714006696427,8.093468664868658,-2.5,0,0,0.0,0,2580.800048828125,55.12864469001116
2024-11-18,2591.699951171875,2610.699951171875,2589.39990234375,2610.60009765625,136,0.0,0.0,1,0.017500154865679907,2581.5,2603.4285714285716,25.232405012254684,44.900146484375,0,0,21.300048828125,1,2568.199951171875,41.56949972109697
2024-11-19,2621.89990234375,2627.699951171875,2619.300048828125,2627.10009765625,87,0.0,0.0,1,0.006320385881703361,2601.1333821614585,2594.8000139508927,31.77591106121366,16.5,1,1,8.39990234375,1,2565.699951171875,23.591353872627934
2024-11-20,2638.5,2648.199951171875,2638.5,2648.199951171875,27,0.0,0.0,1,0.008031613844653007,2628.6333821614585,2600.0857282366073,18.84676277585966,21.099853515625,1,1,9.699951171875,1,2610.60009765625,30.893191782447733
2024-11-21,2659.300048828125,2672.10009765625,2655.699951171875,2672.10009765625,33,0.0,0.0,1,0.009025053593026078,2649.1333821614585,2610.3857421875,22.514516873768624,23.900146484375,1,1,16.400146484375,1,2627.10009765625,41.169903718008726
2024-11-22,2687.5,2710.5,2685.60009765625,2709.89990234375,41,0.0,0.0,0,0.01414610355377599,2676.7333170572915,2628.8285784040177,31.109822165460205,37.7998046875,1,1,24.89990234375,1,2648.199951171875,52.941088641029836
2024-11-25,2689.39990234375,2689.39990234375,2616.800048828125,2616.800048828125,94,0.0,0.0,1,-0.034355458456271526,2666.2666829427085,2635.7714494977677,46.82325518983935,-93.099853515625,1,1,72.599853515625,0,2672.10009765625,46.45425001998782
2024-11-26,2625.60009765625,2625.60009765625,2620.300048828125,2620.300048828125,177858,0.0,0.0,1,0.0013375114394267307,2649.0,2643.571463448661,52.76988799598406,3.5,1,0,5.300048828125,0,2709.89990234375,36.17423555313773
2024-11-27,2633.5,2657.89990234375,2627.199951171875,2639.89990234375,61653,0.0,0.0,1,0.007480003492115639,2625.6666666666665,2647.757149832589,12.44994973401649,19.599853515625,0,1,30.699951171875,1,2616.800048828125,33.304608070358825
2024-11-29,2636.39990234375,2664.300048828125,2620.699951171875,2657.0,3861,0.0,0.0,0,0.00647755531983174,2639.066650390625,2652.028564453125,18.364158995650527,17.10009765625,0,1,43.60009765625,1,2620.300048828125,32.10966393185173
2024-12-02,2649.0,2649.800048828125,2621.699951171875,2634.89990234375,695,0.0,0.0,1,-0.008317688240967236,2643.9332682291665,2650.1285574776784,11.588986555267365,-22.10009765625,0,1,28.10009765625,0,2639.89990234375,32.76086513751665
2024-12-03,2639.0,2654.699951171875,2636.0,2644.699951171875,1062,0.0,0.0,1,0.003719324904679633,2645.5332845052085,2646.2142508370534,11.07359076529693,9.800048828125,0,0,18.699951171875,1,2657.0,31.30259393037126
2024-12-04,2639.199951171875,2658.300048828125,2637.0,2653.800048828125,249,0.0,0.0,0,0.0034408809408483787,2644.4666341145835,2638.1999860491073,9.452233171035045,9.10009765625,1,1,21.300048828125,1,2634.89990234375,15.444510153600792
2024-12-05,2652.39990234375,2655.0,2625.699951171875,2626.60009765625,573,0.0,0.0,1,-0.010249435025779796,2641.7000325520835,2639.5999930245534,13.845900827758223,-27.199951171875,1,1,29.300048828125,0,2644.699951171875,13.503563259708773
2024-12-06,2620.199951171875,2643.10009765625,2617.5,2638.60009765625,571,0.0,0.0,1,0.004568643704349062,2639.666748046875,2642.214285714286,13.631311133928094,12.0,0,0,25.60009765625,1,2653.800048828125,10.604618373951647
2024-12-09,2632.10009765625,2677.10009765625,2630.800048828125,2664.89990234375,935,0.0,0.0,1,0.009967332568076914,2643.36669921875,2645.785714285714,19.589770994497943,26.2998046875,0,1,46.300048828125,1,2626.60009765625,13.50766882385941
2024-12-10,2662.300048828125,2698.199951171875,2661.0,2697.60009765625,437,0.0,0.0,1,0.012270703032313035,2667.0333658854165,2651.5857282366073,29.55780353836715,32.7001953125,1,1,37.199951171875,1,2638.60009765625,23.868499776566196
2024-12-11,2701.800048828125,2733.800048828125,2693.10009765625,2733.800048828125,3387,0.0,0.0,0,0.013419317119437668,2698.7666829427085,2665.7143205915177,34.464884118694094,36.199951171875,1,1,40.699951171875,1,2664.89990234375,37.64237319958909
2024-12-12,2725.10009765625,2725.10009765625,2677.39990234375,2687.5,2365,0.0,0.0,0,-0.016936150413770057,2706.300048828125,2671.82861328125,24.34523553318875,-46.300048828125,1,1,47.7001953125,0,2697.60009765625,37.13266675066741
2024-12-13,2688.199951171875,2689.300048828125,2647.89990234375,2656.0,1125,0.0,0.0,0,-0.011720930232558158,2692.433349609375,2672.142892020089,39.133941191641924,-31.5,1,0,41.400146484375,0,2733.800048828125,36.96357239315441
2024-12-16,2658.300048828125,2663.300048828125,2651.0,2651.39990234375,877,0.0,0.0,0,-0.0017319644790098065,2664.9666341145835,2675.685721261161,19.64954600509373,-4.60009765625,0,0,12.300048828125,0,2687.5,32.82808282911089
2024-12-17,2651.800048828125,2652.300048828125,2632.5,2644.39990234375,705,0.0,0.0,0,-0.002640114753648559,2650.5999348958335,2676.5142647879466,5.841277886466561,-7.0,0,0,19.800048828125,0,2656.0,31.79295448666585
2024-12-18,2644.300048828125,2647.10009765625,2590.199951171875,2636.5,566,0.0,0.0,0,-0.0029874083480143643,2644.0999348958335,2672.4571358816966,7.454479043881922,-7.89990234375,0,0,56.900146484375,0,2651.39990234375,35.156264583400876
2024-12-19,2582.10009765625,2610.300048828125,2582.10009765625,2592.199951171875,238,0.0,0.0,1,-0.016802597696994104,2624.3666178385415,2657.399972098214,28.135794774513176,-44.300048828125,0,0,28.199951171875,1,2644.39990234375,44.041263869013065
2024-12-20,2605.300048828125,2631.60009765625,2604.89990234375,2628.699951171875,592,0.0,0.0,0,0.014080703914641779,2619.13330078125,2642.385672433036,23.64876701470691,36.5,0,0,26.7001953125,1,2636.5,29.001473108751977
2024-12-23,2620.0,2627.699951171875,2611.10009765625,2612.300048828125,451,0.0,0.0,1,-0.006238788240719106,2611.066650390625,2631.642822265625,18.281232282841636,-16.39990234375,0,1,16.599853515625,0,2592.199951171875,22.761418536297654
2024-12-24,2613.0,2620.0,2609.5,2620.0,35,0.0,0.0,1,0.002947575327470142,2620.3333333333335,2626.4999651227677,8.205030929524778,7.699951171875,0,0,10.5,1,2628.699951171875,20.27162790983703
2024-12-26,2628.5,2638.800048828125,2627.89990234375,2638.800048828125,84,0.0,0.0,0,0.007175591155772931,2623.7000325520835,2624.6999860491073,13.631954396374981,18.800048828125,0,1,10.900146484375,1,2612.300048828125,18.13945562202257
2024-12-27,2617.699951171875,2617.699951171875,2616.39990234375,2617.199951171875,642,0.0,0.0,0,-0.008185575737669981,2625.3333333333335,2620.814278738839,11.746249955760652,-21.60009765625,1,1,1.300048828125,0,2620.0,16.003707245595184
2024-12-30,2620.699951171875,2626.89990234375,2597.0,2606.10009765625,794,0.0,0.0,1,-0.0042411178827413964,2620.7000325520835,2616.471435546875,16.62857867984524,-11.099853515625,1,0,29.89990234375,0,2638.800048828125,15.139105753725007
2024-12-31,2608.39990234375,2629.199951171875,2604.89990234375,2629.199951171875,401,0.0,0.0,1,0.008863762959987476,2617.5,2621.757149832589,11.552849435756974,23.099853515625,0,0,24.300048828125,1,2617.199951171875,11.19891263927978
2025-01-02,2633.0,2663.10009765625,2633.0,2658.89990234375,1728,0.0,0.0,0,0.011296193413755873,2631.3999837239585,2626.0714285714284,26.468565340459914,29.699951171875,1,1,30.10009765625,1,2606.10009765625,18.044317813959207
2025-01-03,2658.699951171875,2658.699951171875,2641.800048828125,2645.0,591,0.0,0.0,0,-0.005227689215189235,2644.3666178385415,2630.742850167411,14.86010277975111,-13.89990234375,1,1,16.89990234375,0,2629.199951171875,18.117528760969343
2025-01-06,2645.5,2647.0,2617.300048828125,2638.39990234375,960,0.0,0.0,1,-0.002495311023156921,2647.4332682291665,2633.371407645089,10.464372685750984,-6.60009765625,1,0,29.699951171875,0,2658.89990234375,17.62727766769814
2025-01-07,2653.39990234375,2657.5,2653.0,2656.699951171875,643,0.0,0.0,1,0.006936040594857751,2646.699951171875,2635.928536551339,9.267703181910566,18.300048828125,1,0,4.5,1,2645.0,19.720141768123966
2025-01-08,2655.5,2676.89990234375,2653.5,2664.5,999,0.0,0.0,1,0.002935991633034929,2653.199951171875,2642.6856863839284,13.39743536713026,7.800048828125,1,1,23.39990234375,1,2638.39990234375,20.327563570970657
2025-01-09,2669.699951171875,2686.300048828125,2667.89990234375,2683.800048828125,1139,0.0,0.0,1,0.007243403575952323,2668.3333333333335,2653.7856794084823,13.950794119973576,19.300048828125,1,1,18.400146484375,1,2656.699951171875,18.11387877207605
2025-01-10,2686.10009765625,2720.10009765625,2683.699951171875,2708.5,403,0.0,0.0,0,0.009203349997202626,2685.6000162760415,2665.1142578125,22.05515613434091,24.699951171875,1,1,36.400146484375,1,2664.5,24.012210953637044
2025-01-13,2711.10009765625,2711.199951171875,2673.5,2673.5,765,0.0,0.0,1,-0.012922281705741168,2688.6000162760415,2667.1999860491073,17.986933191230268,-35.0,1,1,37.699951171875,0,2683.800048828125,24.01655079140264
2025-01-14,2673.60009765625,2688.300048828125,2670.800048828125,2677.5,794,0.0,0.0,1,0.0014961660744343686,2686.5,2671.842843191964,19.157244060667672,4.0,1,0,17.5,1,2708.5,22.07232928790116
2025-01-15,2690.800048828125,2712.5,2690.800048828125,2712.5,930,0.0,0.0,1,0.013071895424836555,2687.8333333333335,2682.4285714285716,21.455380055671757,35.0,1,1,21.699951171875,1,2673.5,21.108043222912126
2025-01-16,2731.699951171875,2749.800048828125,2731.699951171875,2746.39990234375,1721,0.0,0.0,0,0.012497659850230436,2712.13330078125,2695.242850167411,34.4514148763491,33.89990234375,1,1,18.10009765625,1,2677.5,28.735071584421597
2025-01-17,2736.0,2751.60009765625,2725.5,2744.300048828125,1214,0.0,0.0,1,-0.0007645840337501264,2734.3999837239585,2706.6428571428573,18.99498121949537,-2.099853515625,1,1,26.10009765625,1,2712.5,30.29298825501299
2025-01-21,2746.0,2755.0,2724.800048828125,2755.0,1439,0.0,0.0,1,0.0038989727732010593,2748.566650390625,2716.814278738839,5.669509378604418,10.699951171875,1,0,30.199951171875,1,2746.39990234375,33.16224127209044
2025-01-22,2754.5,2768.800048828125,2753.5,2767.60009765625,2079,0.0,0.0,0,0.0045735381692377786,2755.6333821614585,2725.257149832589,11.662930530963042,12.60009765625,1,1,15.300048828125,1,2744.300048828125,37.88030082412027
2025-01-23,2760.0,2765.0,2745.39990234375,2763.10009765625,2201,0.0,0.0,1,-0.0016259574509376318,2761.9000651041665,2738.0571637834823,6.385191761511951,-4.5,1,1,19.60009765625,1,2755.0,32.186712538832836
2025-01-24,2759.800048828125,2792.0,2759.800048828125,2777.300048828125,1593,0.0,0.0,0,0.005139137443453512,2769.3334147135415,2752.3143136160716,7.256923889411415,14.199951171875,1,0,32.199951171875,1,2767.60009765625,21.07872733361685
2025-01-27,2761.10009765625,2762.199951171875,2737.5,2737.5,984,0.0,0.0,1,-0.014330482169155112,2759.300048828125,2755.8857421875,20.170306145479355,-39.800048828125,1,1,24.699951171875,0,2763.10009765625,14.206073119975011
2025-01-28,2738.0,2766.800048828125,2738.0,2766.800048828125,2307,0.0,0.0,1,0.010703214183789944,2760.5333658854165,2758.800048828125,20.626789813458274,29.300048828125,1,0,28.800048828125,1,2777.300048828125,14.027138758347446
2025-01-29,2769.10009765625,2769.10009765625,2769.10009765625,2769.10009765625,125692,0.0,0.0,1,0.0008313028724642457,2757.800048828125,2762.3429129464284,17.61793242611377,2.300048828125,0,1,0.0,0,2737.5,12.83576730086653
2025-01-30,2772.5,2829.5,2770.0,2823.0,40141,0.0,0.0,0,0.019464772107505413,2786.300048828125,2772.057198660714,31.80388919875089,53.89990234375,1,1,59.5,1,2766.800048828125,25.66883305984801
2025-01-31,2829.0,2838.0,2804.0,2812.5,3443,0.0,0.0,1,-0.0037194473963868546,2801.5333658854165,2778.4714704241073,28.574467029478992,-10.5,1,1,34.0,0,2769.10009765625,29.667850722480427
2025-02-03,2818.199951171875,2848.39990234375,2780.89990234375,2833.89990234375,2649,0.0,0.0,1,0.007608854166666568,2823.13330078125,2788.5857282366073,10.700573905366122,21.39990234375,1,0,67.5,1,2823.0,35.12129621176252
2025-02-04,2827.60009765625,2853.300048828125,2816.10009765625,2853.300048828125,2187,0.0,0.0,1,0.006845741611526401,2833.2333170572915,2799.44287109375,20.40819070991895,19.400146484375,1,1,37.199951171875,1,2812.5,42.1039716225082
2025-02-05,2850.0,2880.5,2848.0,2871.60009765625,4519,0.0,0.0,0,0.006413643330515084,2852.933349609375,2818.600027901786,18.85277255174745,18.300048828125,1,1,32.5,1,2833.89990234375,39.65945878226873
2025-02-06,2865.199951171875,2871.699951171875,2836.300048828125,2856.0,3116,0.0,0.0,1,-0.005432545314712378,2860.300048828125,2831.3428780691966,9.87880365839511,-15.60009765625,1,1,35.39990234375,0,2853.300048828125,34.19574655227985
2025-02-07,2859.89990234375,2889.5,2857.800048828125,2867.300048828125,1822,0.0,0.0,1,0.003956599729735721,2864.9667154947915,2845.3714425223216,8.057548948312645,11.300048828125,1,0,31.699951171875,1,2871.60009765625,22.5730095643387
2025-02-10,2864.199951171875,2916.10009765625,2863.800048828125,2914.300048828125,2237,0.0,0.0,0,0.016391727129920985,2879.2000325520835,2858.414306640625,30.918135985425717,47.0,1,1,52.300048828125,1,2856.0,31.92987566689781
2025-02-11,2925.5,2945.39990234375,2890.0,2912.5,2554,0.0,0.0,0,-0.0006176607754746488,2898.0333658854165,2872.700020926339,26.631046298519717,-1.800048828125,1,1,55.39990234375,0,2867.300048828125,30.292102942088754
2025-02-12,2902.0,2912.300048828125,2868.60009765625,2909.0,2504,0.0,0.0,1,-0.001201716738197467,2911.933349609375,2883.4286063058034,2.6950786433809903,-3.5,1,0,43.699951171875,1,2914.300048828125,27.423197214944537
2025-02-13,2911.300048828125,2937.699951171875,2910.60009765625,2925.89990234375,4670,0.0,0.0,0,0.005809522978257098,2915.7999674479165,2893.8000139508927,8.920146505245274,16.89990234375,1,0,27.099853515625,1,2912.5,27.85470878388744
2025-02-14,2937.300048828125,2944.39990234375,2874.800048828125,2883.60009765625,1992,0.0,0.0,1,-0.014457023855674711,2906.1666666666665,2895.5142996651784,21.29176372411357,-42.2998046875,1,1,69.599853515625,0,2909.0,26.60181506642035
2025-02-18,2879.199951171875,2936.39990234375,2873.800048828125,2931.60009765625,4010,0.0,0.0,0,0.01664585877875835,2913.7000325520835,2906.3143136160716,26.222654655854292,48.0,1,0,62.599853515625,1,2925.89990234375,22.986453322970203
2025-02-19,2938.699951171875,2946.0,2917.10009765625,2919.39990234375,2630,0.0,0.0,1,-0.004161616491367259,2911.5333658854165,2913.757149832589,24.948182236140955,-12.2001953125,0,1,28.89990234375,0,2883.60009765625,15.446743545695984
2025-02-20,2949.10009765625,2955.800048828125,2924.199951171875,2940.0,656,0.0,0.0,0,0.007056278120620485,2930.3333333333335,2917.4285714285716,10.358307040685053,20.60009765625,1,0,31.60009765625,0,2931.60009765625,18.374114068623175
2025-02-21,2938.800048828125,2940.0,2917.300048828125,2937.60009765625,570,0.0,0.0,1,-0.0008162933142006334,2932.3333333333335,2921.0142996651784,11.26477299756214,-2.39990234375,1,1,22.699951171875,0,2919.39990234375,19.65640663990742
2025-02-24,2933.10009765625,2957.89990234375,2933.10009765625,2947.89990234375,415,0.0,0.0,0,0.0035061970129008913,2941.8333333333335,2926.5714285714284,5.389093382330459,10.2998046875,1,0,24.7998046875,1,2940.0,21.136723157973275
2025-02-25,2938.699951171875,2943.199951171875,2890.0,2904.5,1854,0.0,0.0,1,-0.014722312080286182,2930.0,2923.5142996651784,22.676176797470607,-43.39990234375,1,1,53.199951171875,0,2937.60009765625,22.737051798053038
2025-02-26,2913.5,2917.0,2913.0,2916.800048828125,2050,0.0,0.0,0,0.004234824867662246,2923.066650390625,2928.257149832589,22.36829457556135,12.300048828125,0,0,4.0,1,2947.89990234375,15.255143368296933
2025-02-27,2918.5,2922.800048828125,2870.39990234375,2883.199951171875,3215,0.0,0.0,0,-0.011519506683274172,2901.5,2921.342843191964,16.999754134321083,-33.60009765625,0,1,52.400146484375,0,2904.5,22.659210018147416
2025-02-28,2877.10009765625,2877.10009765625,2834.10009765625,2836.800048828125,990,0.0,0.0,1,-0.016093196146486743,2878.933349609375,2909.5428641183034,40.17029893677452,-46.39990234375,0,0,43.0,0,2916.800048828125,39.263365683153474
2025-03-03,2872.699951171875,2891.800048828125,2863.39990234375,2890.199951171875,423,0.0,0.0,1,0.018823992323959926,2870.066650390625,2902.4285714285716,29.021545180065417,53.39990234375,0,0,28.400146484375,1,2883.199951171875,37.28692876515191
2025-03-04,2886.10009765625,2927.89990234375,2886.10009765625,2909.60009765625,885,0.0,0.0,1,0.006712389043017186,2878.86669921875,2898.4285714285716,37.70004943258149,19.400146484375,0,1,41.7998046875,1,2836.800048828125,34.26437623264903
2025-03-05,2916.699951171875,2922.0,2893.0,2915.300048828125,551,0.0,0.0,1,0.0019590153218878026,2905.0333658854165,2893.7714494977677,13.158457542142221,5.699951171875,1,1,29.0,0,2890.199951171875,28.076376624163217
2025-03-06,2904.0,2918.60009765625,2903.800048828125,2916.60009765625,870,0.0,0.0,0,0.0004459399740508463,2913.8334147135415,2895.5000348772323,3.7233401294443453,1.300048828125,1,1,14.800048828125,1,2909.60009765625,29.19710851841687
2025-03-07,2900.89990234375,2927.300048828125,2900.5,2904.699951171875,531,0.0,0.0,0,-0.00408014334702167,2912.2000325520835,2893.7714494977677,6.527706126287805,-11.900146484375,1,1,26.800048828125,1,2915.300048828125,28.062010763779366
2025-03-10,2910.10009765625,2915.10009765625,2880.199951171875,2891.0,55,0.0,0.0,1,-0.0047164772273115,2904.1000162760415,2894.8857421875,12.810589034536983,-13.699951171875,1,0,34.900146484375,0,2916.60009765625,27.725113485533846
2025-03-11,2884.39990234375,2916.699951171875,2880.39990234375,2912.89990234375,197,0.0,0.0,1,0.007575199703822255,2902.8666178385415,2905.757149832589,11.06445949876296,21.89990234375,0,0,36.300048828125,1,2904.699951171875,11.07054026466926
2025-03-12,2912.0,2939.10009765625,2910.0,2939.10009765625,213,0.0,0.0,1,0.008994540214519287,2914.3333333333335,2912.7428850446427,24.08206577386174,26.2001953125,1,1,29.10009765625,1,2891.0,14.511279720398154
2025-03-13,2937.10009765625,2988.0,2935.199951171875,2984.300048828125,2366,0.0,0.0,1,0.015378840349098422,2945.433349609375,2923.414306640625,36.118939487806855,45.199951171875,1,1,52.800048828125,1,2912.89990234375,30.487317961065724
2025-03-14,2994.39990234375,3004.800048828125,2986.0,2994.5,1800,0.0,0.0,1,0.003417870524071498,2972.6333821614585,2934.728585379464,29.48509162708453,10.199951171875,1,1,18.800048828125,1,2939.10009765625,40.14163182953751
2025-03-17,2991.0,3001.5,2989.0,3000.0,214,0.0,0.0,1,0.0018367006177992806,2992.933349609375,2946.6428571428573,7.96636126375291,5.5,1,1,12.5,1,2984.300048828125,45.8369756737577
2025-03-18,3006.39990234375,3039.199951171875,3004.39990234375,3035.10009765625,428,0.0,0.0,1,0.011700032552083295,3009.86669921875,2965.2714494977677,22.025117423732265,35.10009765625,1,1,34.800048828125,1,2994.5,52.029598786932745
2025-03-19,3035.199951171875,3050.89990234375,3030.89990234375,3035.89990234375,175,0.0,0.0,1,0.000263518388773365,3023.6666666666665,2985.971435546875,20.499835492458114,0.7998046875,1,1,20.0,1,3000.0,46.03473160462623
2025-03-20,3047.300048828125,3047.300048828125,3034.39990234375,3040.0,185,0.0,0.0,0,0.0013505378267197887,3037.0,3004.128592354911,2.628673027311461,4.10009765625,1,1,12.900146484375,0,3035.10009765625,36.48524700069049
2025-03-21,3034.5,3037.5,3000.89990234375,3018.199951171875,151,0.0,0.0,0,-0.007171068693462179,3031.3666178385415,3015.4285714285716,11.585488057522936,-21.800048828125,1,1,36.60009765625,0,3035.89990234375,22.592442759080424
2025-03-24,3024.300048828125,3024.300048828125,3006.0,3013.10009765625,137,0.0,0.0,1,-0.0016897003505831343,3023.7666829427085,3019.5428641183034,14.287846705578236,-5.099853515625,1,0,18.300048828125,0,3040.0,18.16799319039884
2025-03-25,3026.39990234375,3028.800048828125,3023.699951171875,3023.699951171875,74,0.0,0.0,0,0.003517922794489925,3018.3333333333335,3023.714285714286,5.301185408840353,10.599853515625,0,0,5.10009765625,0,3018.199951171875,14.426751089563748
2025-03-26,3033.199951171875,3033.199951171875,3019.5,3020.89990234375,83,0.0,0.0,1,-0.000926033956193284,3019.2333170572915,3026.6999860491073,5.4929366941495985,-2.800048828125,0,1,13.699951171875,0,3013.10009765625,10.262711170327869
2025-03-27,3025.5,3065.0,3025.5,3060.199951171875,124359,0.0,0.0,1,0.013009384653107636,3034.9332682291665,3030.2856794084823,21.926331625592653,39.300048828125,1,0,39.5,1,3023.699951171875,16.297366114065415
2025-03-28,3069.699951171875,3094.89990234375,3066.800048828125,3086.5,31206,0.0,0.0,1,0.008594225621777918,3055.8666178385415,3037.5142647879466,33.014035446468895,26.300048828125,1,1,28.099853515625,1,3020.89990234375,26.945587356179
2025-03-31,3091.0,3132.5,3086.0,3122.800048828125,3438,0.0,0.0,0,0.011760910036651584,3089.8333333333335,3049.342843191964,31.432887076696115,36.300048828125,1,1,46.5,1,3060.199951171875,42.1198038896198
2025-04-01,3129.699951171875,3149.5,3104.0,3118.89990234375,1721,0.0,0.0,1,-0.0012489260994595908,3109.3999837239585,3063.7285505022323,19.927612164231967,-3.900146484375,1,1,45.5,0,3086.5,46.66214027266139
2025-04-02,3120.699951171875,3168.60009765625,3117.39990234375,3139.89990234375,5946,0.0,0.0,0,0.006733143306144385,3127.199951171875,3081.8428083147323,11.170020388337827,21.0,1,0,51.2001953125,1,3122.800048828125,48.31508091002802
2025-04-03,3150.0,3166.89990234375,3052.0,3097.0,5516,0.0,0.0,0,-0.013662824828182485,3118.5999348958335,3092.3142438616073,21.451524202912985,-42.89990234375,1,1,114.89990234375,0,3118.89990234375,41.003402595024376
2025-04-04,3110.5,3127.699951171875,3011.0,3012.0,3247,0.0,0.0,0,-0.02744591540200192,3082.9666341145835,3091.0428292410716,65.0945295200808,-85.0,0,0,116.699951171875,0,3139.89990234375,43.64005857177812
2025-04-07,3016.39990234375,3050.800048828125,2949.699951171875,2951.300048828125,4424,0.0,0.0,1,-0.020152706232362205,3020.1000162760415,3075.4857003348216,73.18692943843035,-60.699951171875,0,0,101.10009765625,0,3097.0,68.68930048195223
2025-04-08,2994.0,3014.5,2968.39990234375,2968.39990234375,3213,0.0,0.0,1,0.00579400712659317,2977.2333170572915,3058.6142578125,31.29924806913168,17.099853515625,0,0,46.10009765625,0,3012.0,79.22841906894068
2025-04-09,2965.800048828125,3090.39990234375,2965.800048828125,3056.5,2175,0.0,0.0,1,0.029679322380616213,2992.066650390625,3049.142822265625,56.45213595584221,88.10009765625,0,1,124.599853515625,1,2951.300048828125,74.07153300194378
2025-04-10,3073.89990234375,3167.0,3072.10009765625,3155.199951171875,3456,0.0,0.0,1,0.0322918210933667,3060.0332845052085,3054.328543526786,93.45013448408459,98.699951171875,1,1,94.89990234375,1,2968.39990234375,80.73967884851699
2025-04-11,3182.10009765625,3235.0,3182.10009765625,3222.199951171875,862,0.0,0.0,0,0.02123478734687345,3144.63330078125,3066.085693359375,83.35381832854848,67.0,1,1,52.89990234375,1,3056.5,99.16662114259192
2025-04-14,3215.5,3228.800048828125,3194.5,3204.800048828125,263,0.0,0.0,1,-0.005400007016144959,3194.066650390625,3081.4857003348216,34.765706975603834,-17.39990234375,1,1,34.300048828125,0,3155.199951171875,112.27196818972178
2025-04-15,3216.0,3218.699951171875,3214.0,3218.699951171875,390,0.0,0.0,1,0.004337213595847489,3215.2333170572915,3111.0142647879466,9.203386032121978,13.89990234375,1,0,4.699951171875,1,3222.199951171875,117.9872198575475
2025-04-16,3238.300048828125,3334.89990234375,3238.300048828125,3326.60009765625,1874,0.0,0.0,0,0.03352289685936416,3250.0333658854165,3164.6285574776784,66.67195911206947,107.900146484375,1,1,96.599853515625,1,3204.800048828125,118.58406173666856
2025-04-17,3345.0,3345.0,3287.800048828125,3308.699951171875,824,0.0,0.0,1,-0.005380913232397977,3284.6666666666665,3213.242850167411,57.82568180245332,-17.900146484375,1,1,57.199951171875,0,3218.699951171875,91.36056169289915
2025-04-21,3342.199951171875,3418.5,3342.199951171875,3406.199951171875,78,0.0,0.0,0,0.029467767231497577,3347.1666666666665,3263.1999860491073,51.90183349984042,97.5,1,0,76.300048828125,1,3326.60009765625,86.8663985362757
2025-04-22,3422.199951171875,3485.60009765625,3361.699951171875,3400.800048828125,785,0.0,0.0,0,-0.0015853157246075167,3371.8999837239585,3298.285714285714,54.799387061068366,-5.39990234375,1,1,123.900146484375,0,3308.699951171875,85.56414614197595
2025-04-23,3321.199951171875,3370.300048828125,3256.199951171875,3276.300048828125,331,0.0,0.0,1,-0.03660903264303972,3361.1000162760415,3306.0142996651784,73.48854057406686,-124.5,1,0,114.10009765625,0,3406.199951171875,79.79509962319786
2025-04-24,3305.39990234375,3353.89990234375,3304.89990234375,3332.0,560,0.0,0.0,0,0.017000869988021305,3336.36669921875,3324.185721261161,62.36476205799422,55.699951171875,1,0,49.0,1,3400.800048828125,66.23578545986128
2025-04-25,3355.5,3355.5,3266.10009765625,3282.39990234375,162,0.0,0.0,1,-0.014885983690351101,3296.8999837239585,3333.285714285714,30.550129462275223,-49.60009765625,0,1,89.39990234375,0,3276.300048828125,52.22102627749497
2025-04-28,3284.5,3332.5,3284.5,3332.5,1300,0.0,0.0,0,0.015263252238240987,3315.63330078125,3334.1285574776784,28.782053067479076,50.10009765625,0,0,48.0,1,3332.0,52.1426899599356
2025-04-29,3340.0,3340.0,3299.89990234375,3318.800048828125,1278,0.0,0.0,0,-0.0041110131048387455,3311.2333170572915,3335.5714285714284,25.89298203297976,-13.699951171875,0,1,40.10009765625,0,3282.39990234375,51.456999390039904
2025-04-30,3318.699951171875,3318.699951171875,3268.0,3305.0,207,0.0,0.0,0,-0.004158144095784855,3318.7666829427085,3321.1142926897323,13.750030362210078,-13.800048828125,0,0,50.699951171875,0,3332.5,41.57342763557666
2025-05-01,3272.89990234375,3275.0,3198.60009765625,3210.0,2131,0.0,0.0,1,-0.02874432677760963,3277.933349609375,3293.8571428571427,59.23525410409585,-95.0,0,0,76.39990234375,0,3318.800048828125,43.13930941697772
2025-05-02,3239.89990234375,3257.0,3225.0,3231.89990234375,1349,0.0,0.0,1,0.006822399484034181,3248.9666341145835,3287.5142647879466,49.74640690545549,21.89990234375,0,0,32.0,0,3305.0,49.0150036344798
2025-05-05,3242.699951171875,3315.699951171875,3239.699951171875,3311.300048828125,244,0.0,0.0,1,0.024567637885936522,3251.066650390625,3284.55712890625,53.3005454584134,79.400146484375,0,1,76.0,1,3210.0,46.44063200190441
2025-05-06,3365.5,3430.89990234375,3356.800048828125,3411.39990234375,2357,0.0,0.0,0,0.03022977442079,3318.199951171875,3302.9857003348216,89.9487019876604,100.099853515625,1,1,74.099853515625,1,3231.89990234375,66.6427585926216
2025-05-07,3418.699951171875,3418.699951171875,3364.699951171875,3381.39990234375,1080,0.0,0.0,0,-0.008794043752944014,3368.0332845052085,3309.9714006696427,51.371149712592434,-30.0,1,1,54.0,0,3311.300048828125,72.55301138340397
2025-05-08,3390.0,3390.0,3288.699951171875,3296.60009765625,200,0.0,0.0,1,-0.025078312869389552,3363.13330078125,3306.799979073661,59.53990542950459,-84.7998046875,1,0,101.300048828125,0,3411.39990234375,72.58796740989013
2025-05-09,3299.0,3335.5,3299.0,3335.39990234375,216,0.0,0.0,0,0.011769642522029056,3337.7999674479165,3311.142822265625,42.45081805027653,38.7998046875,1,0,36.5,1,3381.39990234375,73.36753568354213
2025-05-12,3300.699951171875,3300.699951171875,3205.0,3220.0,886,0.0,0.0,1,-0.03459852063396052,3284.0,3312.5713936941966,58.7227060935291,-115.39990234375,0,1,95.699951171875,0,3296.60009765625,71.13324304202722
2025-05-13,3232.0,3251.39990234375,3223.5,3240.300048828125,2424,0.0,0.0,0,0.0063043629901009535,3265.2333170572915,3313.771414620536,61.60791559270122,20.300048828125,0,0,27.89990234375,1,3335.39990234375,69.59981682750868
2025-05-14,3233.0,3233.0,3171.699951171875,3181.39990234375,3518,0.0,0.0,1,-0.01817737419276233,3213.8999837239585,3295.2142508370534,29.9201347406081,-58.900146484375,0,1,61.300048828125,0,3220.0,85.80048400629931
2025-05-15,3151.0,3228.10009765625,3125.0,3220.699951171875,652,0.0,0.0,0,0.012353067842610033,3214.13330078125,3267.9714006696427,29.994124207662505,39.300048828125,0,0,103.10009765625,1,3240.300048828125,71.91245067921177
2025-05-16,3227.699951171875,3228.10009765625,3173.89990234375,3182.0,199,0.0,0.0,1,-0.012016006383268829,3194.699951171875,3239.4857003348216,22.518659580428302,-38.699951171875,0,1,54.2001953125,0,3181.39990234375,57.55202610428741
2025-05-19,3234.39990234375,3241.0,3228.300048828125,3228.89990234375,266,0.0,0.0,1,0.01473912707220304,3210.5332845052085,3229.8142438616073,25.048374064929025,46.89990234375,0,0,12.699951171875,0,3220.699951171875,51.75045812643662
2025-05-20,3219.0,3293.199951171875,3207.5,3280.300048828125,356,0.0,0.0,1,0.015918779782261305,3230.3999837239585,3221.9428362165177,49.1671901069537,51.400146484375,1,1,85.699951171875,1,3182.0,34.24283700177292
2025-05-21,3293.39990234375,3317.5,3290.199951171875,3309.300048828125,979,0.0,0.0,0,0.008840654686561367,3272.8333333333335,3234.6999860491073,40.71682415031041,29.0,1,1,27.300048828125,1,3228.89990234375,47.47582752539642
2025-05-22,3327.300048828125,3328.0,3282.699951171875,3292.300048828125,1210,0.0,0.0,1,-0.0051370379685032885,3293.9667154947915,3242.1285574776784,14.57166199626069,-17.0,1,1,45.300048828125,0,3280.300048828125,52.31928581644815
2025-05-23,3328.0,3363.60009765625,3323.5,3363.60009765625,47,0.0,0.0,0,0.021656607165408293,3321.7333984375,3268.157156808036,37.240641476818006,71.300048828125,1,0,40.10009765625,1,3309.300048828125,61.574880764988805
2025-05-27,3332.5,3341.0,3296.300048828125,3299.10009765625,189,0.0,0.0,0,-0.0191758824257805,3318.3334147135415,3279.357177734375,39.3492643450029,-64.5,1,1,44.699951171875,0,3292.300048828125,58.56049804493576
2025-05-28,3293.60009765625,3293.60009765625,3293.60009765625,3293.60009765625,127758,0.0,0.0,1,-0.0016671212867737095,3318.7667643229165,3295.300048828125,38.92407138691003,-5.5,1,0,0.0,0,3363.60009765625,39.83550829795807
2025-05-29,3283.699951171875,3328.800048828125,3242.39990234375,3317.10009765625,24370,0.0,0.0,0,0.007135049581982633,3303.2667643229165,3307.900076729911,12.29159604499205,23.5,0,0,86.400146484375,1,3299.10009765625,27.313440165425497
2025-05-30,3315.10009765625,3318.0,3270.89990234375,3288.89990234375,2213,0.0,0.0,1,-0.008501460457109866,3299.86669921875,3309.1286272321427,15.108457077844305,-28.2001953125,0,1,47.10009765625,0,3293.60009765625,26.028266090896498
2025-06-02,3296.89990234375,3380.800048828125,3296.89990234375,3370.60009765625,976,0.0,0.0,0,0.024841192416430236,3325.5333658854165,3317.8857770647323,41.49783715199989,81.7001953125,1,0,83.900146484375,1,3317.10009765625,34.896805948864866
2025-06-03,3385.10009765625,3390.0,3331.300048828125,3350.199951171875,6410,0.0,0.0,1,-0.006052378179944973,3336.566650390625,3326.1571916852677,42.52211949290773,-20.400146484375,1,1,58.699951171875,0,3288.89990234375,34.682811911790566
2025-06-04,3355.0,3380.0,3344.0,3373.5,207,0.0,0.0,0,0.006954823344193173,3364.7666829427085,3327.571463448661,12.698213034254549,23.300048828125,1,0,36.0,1,3370.60009765625,36.61227888719028
2025-06-05,3371.5,3400.0,3343.699951171875,3350.699951171875,731,0.0,0.0,0,-0.0067585738337409,3358.13330078125,3334.94287109375,13.31029990870176,-22.800048828125,1,1,56.300048828125,0,3350.199951171875,35.08726861096341
2025-06-06,3364.300048828125,3364.300048828125,3306.0,3322.699951171875,81,0.0,0.0,1,-0.008356462950437349,3348.9666341145835,3339.0999930245534,25.44434183174591,-28.0,1,0,58.300048828125,0,3373.5,30.839344580539137
2025-06-09,3315.60009765625,3334.60009765625,3290.0,3332.10009765625,1887,0.0,0.0,0,0.002829068715957783,3335.1666666666665,3341.242850167411,14.249662596766228,9.400146484375,0,0,44.60009765625,1,3350.699951171875,29.5501024441298
2025-06-10,3302.0,3344.300048828125,3302.0,3320.89990234375,65,0.0,0.0,1,-0.0033613021770798612,3325.2333170572915,3345.814278738839,6.014528309977581,-11.2001953125,0,1,42.300048828125,1,3322.699951171875,21.47485720461407
2025-06-11,3328.0,3356.0,3321.300048828125,3321.300048828125,2106,0.0,0.0,1,0.0001204933891842952,3324.7666829427085,3338.771414620536,6.35407411215611,0.400146484375,0,0,34.699951171875,0,3332.10009765625,20.02670739927824
2025-06-12,3363.0,3395.89990234375,3353.39990234375,3380.89990234375,1818,0.0,0.0,1,0.01794473628983151,3341.0332845052085,3343.1571219308034,34.52608351254777,59.599853515625,0,1,42.5,1,3320.89990234375,25.547247357912504
2025-06-13,3407.300048828125,3444.0,3407.300048828125,3431.199951171875,499,0.0,0.0,0,0.014877710160320134,3377.7999674479165,3351.399972098214,55.015491736966155,50.300048828125,1,1,36.699951171875,1,3321.300048828125,41.37472772210887
2025-06-16,3442.0,3442.0,3385.39990234375,3396.39990234375,480,0.0,0.0,0,-0.010142238669664128,3402.833251953125,3357.928536551339,25.75974996822021,-34.800048828125,1,1,56.60009765625,0,3380.89990234375,44.71643467553324
2025-06-17,3398.300048828125,3398.300048828125,3376.10009765625,3386.60009765625,1477,0.0,0.0,1,-0.002885350656363417,3404.7333170572915,3367.05712890625,23.438666429527334,-9.7998046875,1,0,22.199951171875,0,3431.199951171875,42.80779520178322
2025-06-18,3385.300048828125,3391.89990234375,3365.10009765625,3389.800048828125,0,0.0,0.0,0,0.0009448860448830754,3390.933349609375,3375.299979073661,4.997231330828629,3.199951171875,1,0,26.7998046875,1,3396.39990234375,40.444773664858005
2025-06-20,3350.0,3372.89990234375,3341.0,3368.10009765625,709,0.0,0.0,1,-0.006401543117381503,3381.5000813802085,3382.0428641183034,11.71450360567194,-21.699951171875,0,1,31.89990234375,1,3386.60009765625,33.13830299904042
2025-06-23,3365.89990234375,3387.89990234375,3350.0,3377.699951171875,30,0.0,0.0,0,0.00285022809218316,3378.5333658854165,3390.0999930245534,10.873955364950913,9.599853515625,0,0,37.89990234375,1,3389.800048828125,20.263401959926153
2025-06-24,3358.0,3358.0,3301.0,3317.39990234375,538,0.0,0.0,1,-0.017852399472962133,3354.3999837239585,3381.028564453125,32.400521808866614,-60.300048828125,0,1,57.0,0,3368.10009765625,34.37115689090108
2025-06-25,3321.60009765625,3331.199951171875,3310.60009765625,3327.10009765625,373,0.0,0.0,1,0.0029240355694371,3340.7333170572915,3366.157156808036,32.379352612370376,9.7001953125,0,0,20.599853515625,1,3377.699951171875,31.441105484349684
2025-06-26,3332.39990234375,3333.5,3332.39990234375,3333.5,2058,0.0,0.0,0,0.0019235677184039623,3326.0,3357.171456473214,8.10622891825198,6.39990234375,0,1,1.10009765625,1,3317.39990234375,30.325801017626944
2025-06-27,3318.699951171875,3318.699951171875,3253.800048828125,3273.699951171875,284,0.0,0.0,1,-0.017939117692552853,3311.433349609375,3341.0428641183034,32.83438298087346,-59.800048828125,0,1,64.89990234375,0,3327.10009765625,40.41132696018868
2025-06-30,3265.89990234375,3306.89990234375,3262.0,3294.39990234375,1242,0.0,0.0,1,0.006323105807074736,3300.5332845052085,3327.4142717633927,30.36816165847628,20.699951171875,0,0,44.89990234375,1,3333.5,37.18553750079932
2025-07-01,3310.10009765625,3354.10009765625,3310.10009765625,3336.699951171875,371,0.0,0.0,1,0.012839986061810915,3301.5999348958335,3322.928536551339,32.11121846899052,42.300048828125,0,1,44.0,1,3273.699951171875,33.13261199604988
2025-07-02,3329.0,3357.5,3329.0,3348.0,39,0.0,0.0,0,0.00338659423786547,3326.3666178385415,3318.6856863839284,28.25466245636568,11.300048828125,1,1,28.5,1,3294.39990234375,26.106441871710334
2025-07-03,3362.0,3362.0,3322.300048828125,3331.60009765625,0,0.0,0.0,1,-0.0048984176653972256,3338.7666829427085,3320.714285714286,8.393017001085493,-16.39990234375,1,1,39.699951171875,0,3336.699951171875,26.538023395425032
2025-07-04,3342.0,3342.0,3332.5,3332.5,0,0.0,0.0,0,0.0002701111530112321,3337.36669921875,3321.4857003348216,9.219694690466566,0.89990234375,1,0,9.5,0,3348.0,26.831446158893744
2025-07-07,3305.5,3333.300048828125,3299.199951171875,3332.199951171875,254,0.0,0.0,0,-9.003715772692988e-05,3332.1000162760415,3321.299979073661,0.4581989683231577,-0.300048828125,1,1,34.10009765625,1,3331.60009765625,26.738765072806267
2025-07-08,3330.39990234375,3334.5,3287.60009765625,3307.0,909,0.0,0.0,1,-0.007562556731630865,3323.8999837239585,3326.05712890625,14.636584120870074,-25.199951171875,0,0,46.89990234375,0,3332.5,18.574546962895223
2025-07-09,3289.39990234375,3314.0,3282.0,3311.60009765625,114,0.0,0.0,1,0.0013910183417751298,3316.933349609375,3328.5142996651784,13.41983856321694,4.60009765625,0,0,32.0,1,3332.199951171875,14.344828982512045
2025-07-10,3323.60009765625,3330.5,3311.60009765625,3317.39990234375,209,0.0,0.0,1,0.0017513602235985637,3312.0,3325.757149832589,5.211471347252759,5.7998046875,0,1,18.89990234375,0,3307.0,14.364055381745846
2025-07-11,3330.5,3370.0,3330.5,3356.0,776,0.0,0.0,0,0.011635648035372315,3328.3333333333335,3326.9000069754466,24.13488692611935,38.60009765625,1,1,39.5,1,3311.60009765625,16.576586236792426
2025-07-14,3367.0,3375.5,3350.0,3351.5,583,0.0,0.0,0,-0.001340882002383803,3341.63330078125,3329.742850167411,21.107005942883404,-4.5,1,1,25.5,0,3317.39990234375,19.040289607813804
2025-07-15,3341.0,3341.0,3329.800048828125,3329.800048828125,210,0.0,0.0,1,-0.0064746982461211244,3345.7666829427085,3329.3571428571427,14.009373780140166,-21.699951171875,1,0,11.199951171875,0,3356.0,19.002437456282696
2025-07-16,3341.199951171875,3352.89990234375,3329.5,3352.5,10,0.0,0.0,0,0.006817211495886655,3344.6000162760415,3332.257149832589,12.826896637320086,22.699951171875,1,0,23.39990234375,1,3351.5,20.957082216188617
2025-07-17,3313.800048828125,3340.800048828125,3313.800048828125,3340.10009765625,667,0.0,0.0,1,-0.003698703159955241,3340.800048828125,3336.9857352120534,11.366151263008161,-12.39990234375,1,1,27.0,1,3329.800048828125,17.805745070805813
2025-07-18,3338.199951171875,3353.0,3338.199951171875,3353.0,602,0.0,0.0,1,0.0038621304651325072,3348.5333658854165,3342.9000069754466,7.307702085385818,12.89990234375,1,0,14.800048828125,1,3352.5,14.545578677065006
2025-07-21,3350.300048828125,3411.699951171875,3350.300048828125,3401.89990234375,53,0.0,0.0,1,0.014583925542424714,3365.0,3354.971435546875,32.60067430059131,48.89990234375,1,1,61.39990234375,1,3340.10009765625,22.657374653968315
2025-07-22,3411.0,3441.0,3395.60009765625,3439.199951171875,39,0.0,0.0,0,0.010964475704422494,3398.0332845052085,3366.8571428571427,43.22986173515188,37.300048828125,1,1,45.39990234375,1,3353.0,39.1250865578613
2025-07-23,3430.300048828125,3433.89990234375,3388.10009765625,3394.10009765625,63,0.0,0.0,0,-0.013113472364483347,3411.7333170572915,3372.94287109375,24.104381976707423,-45.099853515625,1,1,45.7998046875,0,3401.89990234375,39.647863585199325
2025-07-24,3367.0,3371.0,3367.0,3371.0,1175,0.0,0.0,0,-0.006805956510299027,3401.433349609375,3378.8285784040177,34.68631968251287,-23.10009765625,1,0,4.0,1,3439.199951171875,34.95639975376958
2025-07-25,3344.0,3345.0,3326.5,3334.0,67,0.0,0.0,0,-0.010975971521803629,3366.36669921875,3376.185721261161,30.316761727958063,-37.0,0,0,18.5,0,3394.10009765625,37.85765850806123
2025-07-28,3326.60009765625,3326.800048828125,3309.10009765625,3309.10009765625,533,0.0,0.0,1,-0.007468477007723462,3338.0333658854165,3371.757149832589,31.14643651873538,-24.89990234375,0,0,17.699951171875,0,3371.0,44.08370219536295
2025-07-29,3323.39990234375,3323.39990234375,3323.39990234375,3323.39990234375,113144,0.0,0.0,0,0.00432135754902907,3322.1666666666665,3367.528564453125,12.49567672670934,14.2998046875,0,0,0.0,0,3334.0,47.472207606436186
2025-07-30,3325.800048828125,3331.800048828125,3263.89990234375,3295.800048828125,19252,0.0,0.0,0,-0.008304704316853595,3309.433349609375,3352.3714425223216,13.802944293487338,-27.599853515625,0,1,67.900146484375,0,3309.10009765625,51.44104333922686
2025-07-31,3272.89990234375,3312.0,3272.89990234375,3293.199951171875,3704,0.0,0.0,1,-0.0007889124393861691,3304.13330078125,3331.5142996651784,16.735936746460705,-2.60009765625,0,0,39.10009765625,1,3323.39990234375,38.28406599826515
2025-08-01,3286.199951171875,3360.60009765625,3281.0,3347.699951171875,3420,0.0,0.0,1,0.01654925325156964,3312.2333170572915,3324.8857073102677,30.74250686783264,54.5,0,0,79.60009765625,1,3295.800048828125,28.37676221964375
2025-08-04,3367.60009765625,3386.5,3347.39990234375,3374.39990234375,351,0.0,0.0,1,0.007975610586763882,3338.4332682291665,3325.371407645089,41.38552376313693,26.699951171875,1,1,39.10009765625,1,3293.199951171875,29.311317467984736
2025-08-05,3378.5,3387.199951171875,3351.199951171875,3381.89990234375,915,0.0,0.0,0,0.00222261741851959,3367.9999186197915,3332.2142508370534,17.975789517843246,7.5,1,1,36.0,1,3347.699951171875,36.39635186955429
2025-08-06,3380.699951171875,3383.300048828125,3361.300048828125,3380.0,1492,0.0,0.0,1,-0.0005617855047789222,3378.7666015625,3342.3428083147323,3.8991606505976053,-1.89990234375,1,1,22.0,0,3374.39990234375,38.68519653610458
2025-08-07,3384.89990234375,3422.89990234375,3384.89990234375,3400.300048828125,5464,0.0,0.0,1,0.006005931605954196,3387.3999837239585,3353.328543526786,11.21209913431456,20.300048828125,1,0,38.0,1,3381.89990234375,43.078745688329
2025-08-08,3438.800048828125,3477.0,3402.5,3439.10009765625,7657,0.0,0.0,0,0.011410772070393316,3406.4667154947915,3373.799979073661,30.02875653565853,38.800048828125,1,1,74.5,1,3380.0,45.18175159382879
2025-08-11,3383.89990234375,3383.89990234375,3349.199951171875,3353.10009765625,1488,0.0,0.0,0,-0.025006541699268636,3397.5000813802085,3382.3571428571427,43.068316234582504,-86.0,1,1,34.699951171875,0,3400.300048828125,30.73512998541842
2025-08-12,3356.199951171875,3356.199951171875,3330.10009765625,3348.89990234375,1611,0.0,0.0,1,-0.0012526304584333792,3380.36669921875,3382.528564453125,50.90795104086728,-4.2001953125,0,0,26.099853515625,0,3439.10009765625,30.5121549578744
2025-08-13,3358.800048828125,3363.39990234375,3358.699951171875,3358.699951171875,1011,0.0,0.0,0,0.002926348685807545,3353.566650390625,3380.285714285714,4.916654639979434,9.800048828125,0,0,4.699951171875,0,3353.10009765625,31.760732113058747
2025-08-14,3346.800048828125,3356.0,3328.89990234375,3335.199951171875,592,0.0,0.0,1,-0.006996754798475169,3347.5999348958335,3373.6142926897323,11.803810254497986,-23.5,0,1,27.10009765625,0,3348.89990234375,35.98849352185641
2025-08-15,3346.800048828125,3346.800048828125,3335.89990234375,3336.0,1185,0.0,0.0,0,0.00023988031897270723,3343.2999674479165,3367.3285784040177,13.342774957085993,0.800048828125,0,0,10.900146484375,0,3358.699951171875,38.44588474718144
2025-08-18,3333.5,3347.800048828125,3331.699951171875,3331.699951171875,646,0.0,0.0,0,-0.0012889834616681695,3334.2999674479165,3357.528564453125,2.286937473689229,-4.300048828125,0,1,16.10009765625,0,3335.199951171875,37.368693729771856
2025-08-19,3330.199951171875,3343.5,3313.39990234375,3313.39990234375,1655,0.0,0.0,1,-0.00549270615491293,3327.0332845052085,3339.5713936941966,12.001018158943882,-18.300048828125,0,0,30.10009765625,0,3336.0,15.355344049195608
2025-08-20,3310.60009765625,3343.5,3310.10009765625,3343.39990234375,1213,0.0,0.0,0,0.009054144046657164,3329.4999186197915,3338.1856515066966,15.1205194164298,30.0,0,0,33.39990234375,1,3331.699951171875,14.334743474802346
2025-08-21,3349.39990234375,3349.39990234375,3326.5,3336.89990234375,142,0.0,0.0,1,-0.0019441287880170854,3331.2332356770835,3336.471365792411,15.782374134878863,-6.5,0,1,22.89990234375,0,3313.39990234375,13.535113435490985
2025-08-22,3349.39990234375,3377.699951171875,3349.39990234375,3374.39990234375,1240,0.0,0.0,0,0.011237975695243652,3351.5665690104165,3338.7142159598216,20.039544239660092,37.5,1,0,28.300048828125,1,3343.39990234375,18.295933123281653
2025-08-25,3366.0,3378.0,3366.0,3373.800048828125,1044,0.0,0.0,1,-0.00017776598298513413,3361.699951171875,3344.228515625,21.479566393855617,-0.599853515625,1,1,12.0,1,3336.89990234375,22.41376109517866
2025-08-26,3378.89990234375,3396.5,3371.10009765625,3388.60009765625,905,0.0,0.0,1,0.00438675932596122,3378.933349609375,3351.7428152901784,8.377020318188004,14.800048828125,1,0,25.39990234375,1,3374.39990234375,27.447331518591174
2025-08-27,3397.0,3404.60009765625,3382.0,3404.60009765625,3222,0.0,0.0,1,0.004721713846100206,3389.0000813802085,3362.1571219308034,15.403919702084092,16.0,1,1,22.60009765625,1,3373.800048828125,32.02370856718396
2025-08-28,3409.0,3434.60009765625,3400.0,3431.800048828125,1035,0.0,0.0,1,0.007989176523433672,3408.3334147135415,3379.0714285714284,21.84060867972217,27.199951171875,1,1,34.60009765625,1,3388.60009765625,33.224794665553524
2025-08-29,3432.5,3475.60009765625,3426.60009765625,3473.699951171875,0,0.0,0.0,1,0.012209307578411543,3436.7000325520835,3397.685721261161,34.80955069146195,41.89990234375,1,1,49.0,1,3404.60009765625,44.497149989572264
2025-09-02,3485.699951171875,3559.199951171875,3485.699951171875,3549.39990234375,658,0.0,0.0,1,0.02179231143620708,3484.9666341145835,3428.0428641183034,59.60398472520691,75.699951171875,1,1,73.5,1,3431.800048828125,64.2279303809539
2025-09-03,3554.800048828125,3593.699951171875,3553.199951171875,3593.199951171875,72,0.0,0.0,0,0.012340127918300414,3538.7666015625,3459.3000139508927,60.455461408613374,43.800048828125,1,1,40.5,1,3473.699951171875,83.97578261280611
2025-09-04,3549.89990234375,3573.60009765625,3549.89990234375,3565.800048828125,237,0.0,0.0,1,-0.007625487786955487,3569.4666341145835,3486.728585379464,22.129029691417344,-27.39990234375,1,1,23.7001953125,1,3549.39990234375,82.74188789157375
2025-09-05,3567.800048828125,3613.199951171875,3567.800048828125,3613.199951171875,925,0.0,0.0,1,0.01329292211977151,3590.7333170572915,3518.814278738839,23.79602694654344,47.39990234375,1,0,45.39990234375,1,3593.199951171875,81.89086671220812
2025-09-08,3594.5,3641.0,3590.0,3638.10009765625,97,0.0,0.0,1,0.0068914388411576155,3605.7000325520835,3552.1714215959823,36.72888304338803,24.900146484375,1,1,51.0,1,3565.800048828125,74.8687951046665
2025-09-09,3647.10009765625,3670.39990234375,3627.800048828125,3643.300048828125,535,0.0,0.0,1,0.0014293040412012292,3631.5333658854165,3582.3857073102677,16.08867441218934,5.199951171875,1,1,42.599853515625,0,3613.199951171875,59.24083160170829
2025-09-10,3625.0,3655.39990234375,3620.800048828125,3643.60009765625,136,0.0,0.0,0,8.235633192543723e-05,3641.666748046875,3606.657156808036,3.09245106371328,0.300048828125,1,1,34.599853515625,1,3638.10009765625,38.44420620884368
2025-09-11,3632.89990234375,3636.89990234375,3618.39990234375,3636.89990234375,307,0.0,0.0,1,-0.001838894261971813,3641.2666829427085,3619.157156808036,3.7847175488181373,-6.7001953125,1,1,18.5,1,3643.300048828125,30.02838217120153
2025-09-12,3655.5,3656.800048828125,3643.0,3649.39990234375,1300,0.0,0.0,1,0.00343699313581447,3643.2999674479165,3627.185721261161,6.255402353678345,12.5,1,0,13.800048828125,0,3643.60009765625,29.438819659797435
2025-09-15,3640.0,3686.39990234375,3635.10009765625,3682.199951171875,210,0.0,0.0,1,0.008987792433232666,3656.1665852864585,3643.814278738839,23.39582450979059,32.800048828125,1,1,51.2998046875,1,3636.89990234375,20.504742800410746
2025-09-16,3681.39990234375,3698.60009765625,3681.39990234375,3688.89990234375,373,0.0,0.0,0,0.0018195511543968035,3673.4999186197915,3654.6285574776784,21.138363815712363,6.699951171875,1,1,17.2001953125,1,3649.39990234375,21.600551284797234
2025-09-17,3669.0,3685.199951171875,3661.60009765625,3681.800048828125,183,0.0,0.0,0,-0.0019246533393638687,3684.2999674479165,3660.871407645089,3.9886753760491747,-7.099853515625,1,1,23.599853515625,1,3682.199951171875,22.330064209089848
2025-09-18,3654.60009765625,3667.39990234375,3637.0,3643.699951171875,80,0.0,0.0,1,-0.010348225637178965,3671.4666341145835,3660.928536551339,24.307272393595333,-38.10009765625,1,0,30.39990234375,0,3688.89990234375,22.278068536290462
2025-09-19,3659.0,3685.89990234375,3658.199951171875,3671.5,211,0.0,0.0,1,0.007629620770278844,3665.6666666666665,3664.914236886161,19.708505617809383,27.800048828125,1,0,27.699951171875,1,3681.800048828125,21.12721160430474
2025-09-22,3688.199951171875,3748.199951171875,3688.0,3740.699951171875,410,0.0,0.0,1,0.01884786903768898,3685.2999674479165,3679.7428152901784,49.95076902483703,69.199951171875,1,1,60.199951171875,1,3643.699951171875,31.878986831953558
2025-09-23,3747.0,3786.0,3740.0,3780.60009765625,627,0.0,0.0,0,0.010666492101799152,3730.933349609375,3698.4857003348216,55.201881369308836,39.900146484375,1,1,46.0,1,3671.5,46.35020257095067
2025-09-24,3769.800048828125,3772.5,3732.10009765625,3732.10009765625,588,0.0,0.0,1,-0.012828651205417652,3751.1333821614585,3705.6142926897323,25.87865648871197,-48.5,1,1,40.39990234375,0,3740.699951171875,47.25644920529521
2025-09-25,3742.800048828125,3756.0,3724.699951171875,3736.89990234375,1899,0.0,0.0,1,0.0012860868041868478,3749.86669921875,3712.471435546875,26.723881939158595,4.7998046875,1,0,31.300048828125,0,3780.60009765625,47.90495384717295
2025-09-26,3775.300048828125,3775.300048828125,3775.300048828125,3775.300048828125,19308,0.0,0.0,1,0.010275936601965352,3748.1000162760415,3725.8285784040177,23.677855886572356,38.400146484375,1,1,0.0,0,3732.10009765625,50.87094037045983
2025-09-29,3754.800048828125,3827.60009765625,3754.800048828125,3820.89990234375,8860,0.0,0.0,1,0.012078471360118748,3777.699951171875,3751.1428571428573,42.05139294297648,45.599853515625,1,1,72.800048828125,1,3736.89990234375,47.143171497740965
2025-09-30,3827.5,3865.5,3793.39990234375,3840.800048828125,8860,0.0,0.0,1,0.005208235492420998,3812.3333333333335,3775.3285784040177,33.57978675420125,19.900146484375,1,1,72.10009765625,1,3775.300048828125,42.69202745584846
2025-10-01,3887.699951171875,3922.699951171875,3880.300048828125,3888.60009765625,228154,0.0,0.0,0,0.012445336445647381,3850.1000162760415,3796.4571707589284,34.79505937970002,47.800048828125,1,1,42.39990234375,1,3820.89990234375,56.92396770425636
